Age	Alleniella/Pleurozium/Loeskeobryum/Scorpidium	Amphidium lapponicum/Kiaeria spp	Andreaea blyttii	Andreaea nivalis	Andreaea rupestris	Arctoa fulvella	Aulacomnium palustre	Bartramiaceae	Blindia acuta	Bryanae	Bucklandiella microcarpa/Grimmia hartmanii	Dicranella	Dicranodontium denudatum	Dicranum	Dicranum spurium/scoparium	Dicranum/Paraleucobryum	Dicranum/Paraleucobryum/Orthodicranum	Diplophyllum taxifolium	Encalypta alpina	Encalypta longicollis/streptocarpa/rhaptocarpa	Fissidens bryoides	Fissidens/Dilutineuron	Frullania/Marsupella/Syzygiella/Ptilidium 	Grimmia ovalis	Grimmia ramondii	Grimmia/Codriophorus/Dichodontium/Racomitrium heterostichum	Grimmiaceae	Gymnomitrion concinnatum/obtusum	Hygrobiella laxifolia	Hylocomiastrum/Campylophyllum/Orthothecium/Platyhypnum alpestre	Hylocomium splendens	Hypnales_1	Hypnales_2	Kiaeria glacialis	Lophozia/Lophoziopsis/Scapania	Mielichhoferia mielichhoferiana	Mnium/Pseudobryum	Niphotrichum canescens	Niphotrichum panschii/canescens	Pellia neesiana/epiphylla	Plagiothecium denticulatum	Pogonatum dentatum/Oligotrichum hercynicum	Pohlia wahlenbergii/Pohlia nutans	Polytrichastrum/Polytrichum/Psilopilum/Pogonatum	Porella/Nardia	Pseudohygrohypnum/Hygrohypnella	Ptychostomum/Rosulabryum/Bryum	Ptychostomum/Rosulabryum/Plagiobryum demissum	Racomitrium lanuginosum	Racomitrium lanuginosum/Saelania glaucescens	Rhabdoweisia/Dicranoweisia/Oncophorus/Cnestrum schisti	Sanionia uncinata	Scapania spp/Douinia ovata	Scapania undulata	Sciuro-hypnum starkei/reflexum	Solenostoma obovatum	Sphagnum magellanicum	Sphagnum russowii	Timmia norvegica/austriaca	Tritomaria/Barbilophozia/Anastrepta/Harpanthus/Tetralophozia	Diphasiastrum/Lycopodium	Huperzia	Andromeda polifolia	Arctous alpina	Calluna vulgaris	Cassiope tetragona	Diapensia lapponica	Dryas octopetala	Empetrum nigrum	Harrimanella hypnoides	Kalmia procumbens	Phyllodoce caerulea	Vaccinium myrtillus	Vaccinium uliginosum	Vaccinium vitis-idaea	Athyrium	Athyrium distentifolium	Botrychium	Cryptogramma crispa	Cystopteris fragilis	Cystopteris/Gymnocarpium	Dryopteris	Gymnocarpium	Matteuccia struthiopteris	Phegopteris connectilis	Polypodium vulgare	Polystichum lonchitis	Pteridium aquilinum subsp. latiusculum	Thelypteris palustris	Woodsia alpina/glabella	Woodsia ilvensis	Alchemilla	Alchemilla alpina	Angelica archangelica	Angelica sylvestris	Antennaria spp./Gnaphalium supinum/Filago arvensis	Anthemideae_cf_Achillea_millefolium/Tanacetum_vulgare	Arabis cf alpina	Asteraceae2	Asteraceae3	Asteroideae	Asteroideae_cf_Omalotheca	Bartsia alpina	Bistorta vivipara	Campanula1	Cardamine	Carduinae	Cerastium	Chamaenerion angustifolium	Comarum palustre	Cornus suecica	Crepis spp/Lapsana communis	Epilobium	Euphrasia	Filipendula ulmaria	Geranium sylvaticum	Geum	Melampyrum cf pratense	Micranthes hieraciifolia/nivalis/tenuis	Micranthes stellaris	Myosotis arvensis	Orchidinae	Oxyria digyna	Pedicularis cf hirsuta	Pedicularis lapponica	Pinguicula alpina	Potentilla	Potentilla erecta	Pyrola minor/media	Pyrola rotundifolia/grandiflora	Ranunculus acris/subborealis	Ranunculus glacialis/hyperboreus	Ranunculus nivalis	Ranunculus pygmaeus	Rhinanthus	Rhodiola rosea	Rosoideae	Rubus/Fragaria	Rumex	Sagina	Saussurea alpina/Lactuca sibirica	Saxifraga aizoides/oppositifolia	Saxifraga cernua	Saxifraga cernua/rivularis	Saxifraga cespitosa	Saxifraga cotyledon/paniculata	Saxifraga oppositifolia	Scorzoneroides autumnalis	Sibbaldia 	Sibbaldia procumbens1	Silene acaulis	Solidago	Thalictrum	Tofieldia pusilla	Trientalis europaea	Tripleurospermum maritimum	Trollius europaeus	Veronica cf. fruticans	Veronica scutellata/alpina	Vicia	Viola biflora	Viola epipsila	Agrostis spp/Calamagrostis spp	Alopecurus/Phleum	Anthoxanthum	Avenella flexuosa	Carex	Carex lachenalii	Carex vaginata	Catabrosa aquatica/Poa annua	Deschampsia	Eriophorum/Trichophorum cespitosum	Festuca spp/Lolium 	Juncus arcticus/balticus/filiformis	Juncus biglumis	Luzula confusa/wahlenbergii/arcuata	Luzula parviflora/luzuloides	Luzula sudetica/multiflora/spicata	Nardus stricta	Oreojuncus trifidus	Poa pratensis/alpina/Anthoxanthum	Pooideae	Trichophorum cespitosum	Equisetum fluviatile/arvense/sylvaticum	Equisetum pratense/palustre	Equisetum scirpoides/variegatum/hyemale	Juniperus communis	Alnus incana	Betula	Populus tremula	Prunus padus	Saliceae	Sorbus aucuparia cf.
17	0	143	0	0	215	50	0	55	17	0	76	6	0	48	0	132	0	0	0	6	0	55	10	0	0	16	197	3	0	59	0	9	0	13	0	0	0	0	17	10	0	21	0	55	7	46	0	0	0	0	12	0	0	0	8	8	0	618	3	80	0	304	0	25	63	0	125	762	14007	0	262	332	5369	1442	306	160	1363	0	3535	0	0	22	238	0	247	0	60	95	14	0	0	0	38	12	4	375	0	0	310	0	3	0	91	1635	6	0	26	0	0	0	22	0	30	0	0	40	0	0	36	22	0	0	2157	4	0	25	0	0	71	0	167	48	0	0	0	0	0	0	144	0	363	38	138	32	0	0	490	16	0	0	11	69	11	0	0	0	0	0	375	0	6	0	4	0	0	46	77	0	0	0	18	15	16	7	0	5	0	31	0	57	4	0	0	102	0	0	86	3	1615	0	0	77610	39
105	0	141	14	0	204	11	0	115	9	0	82	3	15	0	25	0	0	0	0	9	0	30	10	0	0	7	146	0	5	18	0	3	0	24	10	0	0	0	557	0	0	57	0	218	27	78	62	0	9	0	15	0	0	0	6	3	0	11	0	109	120	0	12	80	7	0	68	318	6818	3	109	283	2858	1707	352	113	1194	0	18	0	0	26	115	0	279	0	0	0	3	0	0	27	37	36	0	4457	0	0	195	0	14	0	59	737	0	0	125	0	0	0	7	0	17	42	0	33	0	0	71	7	0	0	1141	0	0	0	0	0	12	0	373	341	0	4	0	179	0	10	38	0	423	57	99	0	0	0	200	29	11	0	17	89	49	4	64	0	9	0	885	0	7	0	0	0	0	82	100	8	0	0	21	0	50	22	9	0	0	28	0	27	44	0	0	89	8	0	104	9	571	0	0	106038	40
234	0	43	0	0	56	14	0	41	0	0	13	0	3	5	8	0	0	0	0	0	0	57	3	0	0	0	55	0	0	9	0	3	0	0	0	3	0	0	0	0	0	13	0	152	6	0	0	0	0	0	0	7	0	0	0	0	0	43	0	32	0	0	8	15	38	0	77	236	122522	3	157	373	2365	2707	185	3	1525	0	0	0	0	0	139	0	390	0	15	0	0	0	0	90	0	92	0	835	0	3	269	53	0	56	244	799	8	0	97	0	0	45	15	11	31	13	20	80	0	0	3	0	0	0	1197	0	0	0	0	0	85	0	366	68	0	0	0	21	4	27	163	10	1270	40	0	4	0	0	171	16	0	0	0	420	26	0	0	0	91	0	355	0	0	0	0	11	11	98	188	0	0	4	0	0	4	14	3	19	0	37	3	16	0	0	0	58	9	0	56	9	7838	0	0	71538	73
365	0	28	13	3	16	4	0	14	3	0	14	0	0	8	0	0	4	0	0	0	0	8	0	0	0	0	21	8	0	4	0	0	0	0	0	0	0	0	5	0	0	6	0	69	3	3	0	0	0	6	0	0	0	0	0	0	0	14	0	30	0	4	10	23	3	0	32	385	9546	3	90	235	2638	2350	443	0	3456	0	8	0	7	0	81	0	213	5	0	0	0	0	0	31	0	126	0	227	0	0	62	66	0	71	124	270	0	4	91	5	0	0	0	0	0	19	0	3	0	0	11	0	0	0	1552	0	0	0	0	0	30	0	31	61	0	3	0	0	0	0	136	0	621	21	10	0	0	0	83	0	0	0	14	132	19	0	0	0	28	0	166	0	0	0	0	11	10	23	3	0	0	0	0	0	27	0	4	14	0	0	0	14	0	0	0	12	0	0	1975	0	1516	0	0	63554	155
519	0	38	0	0	262	11	0	16	9	5	23	0	0	16	0	13	0	0	0	0	0	12	4	0	0	23	168	10	0	90	0	0	10	0	6	3	0	0	14	0	0	43	7	222	22	23	0	0	0	353	0	0	3	4	0	0	0	13	0	82	8	0	94	139	0	0	189	729	12930	0	142	431	3905	3097	435	63	1426	0	12	0	0	10	34	0	13	0	0	0	0	0	0	35	17	856	0	215	0	0	386	124	0	25	313	1023	0	0	179	0	0	39	0	0	0	4	359	37	0	0	40	0	0	0	2806	52	0	0	0	6	45	0	290	366	0	0	0	29	0	0	134	0	1683	261	0	62	0	0	1174	0	0	7	0	948	19	0	0	4	89	0	368	0	0	0	0	0	0	18	81	0	0	0	0	0	40	0	0	0	9	14	13	103	20	0	0	93	15	3	327	0	3377	0	0	130217	330
646	0	135	11	13	138	118	0	14	3	0	75	0	6	5	0	11	0	12	0	0	0	48	7	0	0	3	34	13	4	6	0	0	0	16	16	7	0	0	45	19	0	120	0	420	27	14	0	0	0	15	3	0	3	0	4	4	0	133	0	164	387	23	12	44	23	0	66	424	7517	11	72	172	2462	1864	217	0	6127	0	0	0	0	16	208	0	55	0	0	0	4	0	0	253	0	375	0	267	0	0	660	68	0	80	319	1029	9	42	252	0	0	0	0	0	3	23	8	15	13	0	15	50	44	0	6670	6	0	0	0	0	33	0	385	502	3	3	0	46	0	0	676	0	1656	17	0	9	0	0	286	0	35	15	79	578	60	5	0	0	80	0	571	0	0	0	0	0	3	14	115	0	0	0	0	6	90	0	0	34	0	0	0	62	0	0	5	72	3	0	225	0	1290	0	0	137171	165
783	0	3	0	0	98	9	0	16	6	0	46	0	6	0	40	13	0	0	0	6	0	0	6	0	0	11	88	17	3	22	3	8	0	0	0	0	0	0	17	0	0	0	3	5323	12	9	0	0	0	6	0	0	0	0	0	0	0	9	0	40	24	0	21	44	17	0	66	400	10900	3	68	296	7611	4274	254	18	5018	0	20	0	0	759	125	0	201	0	0	0	5	0	0	56	14	435	0	230	0	0	442	28	0	19	462	882	10	0	121	0	0	19	63	0	0	13	15	0	0	0	22	0	0	0	1755	7	0	3	0	0	54	0	253	158	4	3	0	21	0	0	252	0	3495	51	0	6	0	0	270	0	0	0	16	376	9	0	0	0	167	0	304	0	21	0	0	0	0	10	35	0	0	0	0	4	50	0	0	40	0	17	0	174	82	53	0	68	0	0	129	0	3991	0	0	134977	508
963	0	52	11	0	322	9	0	5	0	0	151	0	0	0	18028	0	0	0	0	0	0	0	16	0	0	16	64	0	20	11	0	346	0	0	10	0	0	0	0	0	0	30	0	62	9	25	0	0	0	0	3	0	0	0	0	0	0	68	0	7	44	0	36	0	68	0	216	2750	17393	0	354	265	4215	4161	684	172	2734	0	18	0	0	23	21	0	71	0	0	0	0	0	0	26	0	191	0	56	0	0	206	17	0	45	975	1719	0	0	133	0	0	0	31	15	0	0	13	0	0	0	17	0	0	0	605	0	0	0	0	0	14	0	323	162	0	0	0	16	0	0	40	0	848	19	8	0	0	0	202	0	0	0	9	408	11	0	0	0	48	0	55	0	0	0	0	0	0	18	21	0	0	0	0	0	19	0	0	0	0	0	0	42	1123	19	3	30	11	4	184	19	6663	0	0	141449	153
1200	0	49	21	0	758	0	0	5	15	4	69	0	0	4	6	7	4	0	0	0	0	11	3	0	0	45	86	0	0	3	0	7	0	11	0	0	0	0	15	0	0	30	0	122	6	4	0	0	0	8	0	0	3	0	3	0	11	17	0	54	243	0	13	15	0	0	50	1067	13606	3	224	227	4331	5290	462	0	860	0	0	0	0	9	208	0	467	0	67	0	6	0	0	26	0	124	0	99	0	0	392	80	0	77	182	475	0	3	166	0	0	0	0	0	0	3	0	0	0	0	9	0	0	0	824	227	9	0	0	0	27	0	116	166	0	0	0	11	7	52	87	0	1904	10	0	9	0	0	1308	0	0	4	85	179	0	4	3	0	37	0	279	0	0	0	0	0	0	0	24	0	0	0	0	14	0	0	13	32	0	0	0	22	0	0	0	81	0	0	237	31	10510	6	0	91336	369
1435	0	0	0	0	102	0	0	3	0	0	3	0	0	0	0	21	0	0	0	0	0	4	0	0	0	0	17	0	0	0	0	0	0	3	0	0	0	0	0	0	0	0	0	20	0	0	0	0	0	0	0	0	0	0	0	0	0	0	0	31	113	0	0	3	0	0	16	210	5924	0	92	108	1796	1586	3220	15	1659	0	6	0	0	15	3	0	64	0	0	0	0	0	0	22	0	13	0	15	0	0	44	3	0	7	108	213	0	0	38	0	0	0	7	0	0	0	0	0	0	0	35	0	0	0	3301	0	0	0	0	0	3	0	120	5	0	15	0	0	6	77	22	0	228	10	0	0	0	0	29	0	0	0	0	216	0	0	0	0	32	0	39	0	0	0	0	0	0	5	6	0	0	0	0	0	0	0	0	4	0	0	0	22	0	0	0	39	0	0	63	0	3855	0	0	148620	42
1600	0	7	14	0	27	0	0	7	12	0	21	0	0	0	6	14	0	6	0	22	0	7	3	6	0	25	30	0	7	9	0	1017	0	11	0	0	0	0	0	0	0	14	0	48	0	16	5	0	0	0	0	7	0	6	0	0	0	14	0	20	56	0	4	7	318	0	27	12624	14768	0	180	407	4814	5187	208	39	125	0	5	0	0	176	18	0	146	0	0	0	0	0	0	114	0	352	0	46	0	0	281	9	18	8	385	3159	0	0	74	0	0	10	0	0	6	45	10	7	0	0	63	3	5	0	1196	0	0	0	0	0	32	0	65	52	0	0	0	19	0	0	1083	0	672	10	0	4	0	0	274	0	0	0	9	152	9	0	0	0	28	0	99	0	0	0	0	8	0	0	7	0	0	0	0	0	0	0	0	0	0	4	0	100	0	0	0	3	9	0	164	39	5858	0	0	158884	970
1823	0	7	0	0	99	0	0	17	7	0	20	0	5	0	17	0	0	0	0	7	0	29	3	0	0	11	37	0	0	0	0	242	3	0	0	0	0	0	3	0	0	7	0	69	0	3	0	3	0	4	0	0	0	0	0	0	0	0	3	36	0	0	12	16	0	5	6	422	49989	0	245	209	6404	9448	456	344	562	0	5	8	0	83	269	0	234	0	0	0	9	0	0	47	0	296	0	337	0	0	109	23	0	25	3428	739	3	0	101	0	0	17	10	0	0	7	0	4	0	0	129	0	0	0	2097	3	0	0	0	0	26	0	191	57	0	0	0	4	0	3	291	0	2229	11	0	15	0	0	194	0	4	0	0	189	39	0	0	0	73	0	255	113	0	0	0	0	0	15	35	0	0	0	0	0	6	0	0	25	0	0	0	23	0	0	0	33	0	0	110	0	6956	0	0	140087	484
2071	0	0	0	0	43	4	0	37	0	0	41	0	0	0	171	10	0	0	29	0	0	18	0	0	0	0	327	0	0	0	0	258	127	0	0	0	0	0	0	0	0	9	0	6	4	5	0	0	0	0	0	0	0	0	3	0	13	0	0	35	0	0	0	4	0	0	23	1521	7057	0	145	129	7896	3075	367	595	187	0	13	0	0	189	6807	0	208	0	10	0	76	0	0	62	0	342	0	66	0	0	26	42	0	0	452	340	0	0	46	0	0	6	17	0	0	23	0	3	0	0	29	0	0	0	437	28	0	0	0	0	3	0	86	17	0	0	0	3	0	0	29	0	659	11	0	0	0	0	64	0	0	0	6	106	3	0	0	0	72	0	78	0	0	0	0	0	0	14	11	0	0	0	0	0	0	0	0	0	0	11	0	139	5	0	0	51	15	0	101	0	1569	0	0	150992	106
2337	0	10	0	3	44	15	0	7	0	0	11	0	0	0	0	5	0	0	0	0	0	3	40	0	0	44	21	0	0	0	0	517	6	5	0	0	0	11	4	0	0	4	0	7	0	3	20	4	0	3	0	0	0	0	0	0	0	35	0	17	119	0	5	0	0	0	24	343	5542	0	133	142	3704	2520	113	89	1295	0	9	0	0	30	0	0	18	0	0	0	0	0	0	37	0	372	0	621	4	0	74	0	0	51	843	353	0	0	347	0	0	24	0	0	0	16	23	8	0	0	19	0	0	0	895	0	0	0	0	0	7	0	428	27	0	0	0	8	0	25	6	0	641	6	0	0	0	0	86	0	0	0	0	183	0	0	23	0	0	3	66	0	0	0	0	0	0	0	15	0	0	0	0	0	0	0	0	0	0	0	0	46	9	0	0	0	0	0	83	4	1850	0	0	38415	32
2585	0	43	0	0	150	0	0	16	58	0	15	4	4	0	0	36	0	0	0	14	0	42	0	0	0	8	29	37	0	9	0	22	0	0	0	0	0	0	13	6	0	0	0	86	0	13	0	0	0	7	0	0	0	3	0	0	0	11	7	25	35	32	0	50	0	0	0	528	22655	0	197	457	5250	4664	543	69	1452	0	0	0	0	108	17	0	212	0	0	0	0	0	18	23	3	681	19	84	0	0	131	49	25	577	585	354	0	27	122	0	0	0	5	0	0	0	16	0	20	0	0	0	9	0	2464	0	0	0	0	0	25	0	439	53	0	0	0	28	0	12	191	0	1734	41	0	0	0	0	287	0	0	0	0	256	0	0	0	0	14	0	231	0	0	0	0	0	0	0	15	0	0	0	0	0	14	5	0	24	0	13	0	1281	18	0	0	325	15	0	237	8	4376	0	0	137309	230
2818	0	11	0	0	183	0	4	22	36	0	0	0	0	0	0	7	0	0	0	0	0	8	0	0	0	16	49	0	0	0	0	164	10	0	0	0	0	0	0	0	0	49	0	158	19	0	0	0	4	0	0	0	0	0	0	0	0	0	0	52	0	0	0	5	0	0	10	1497	18573	0	153	147	4097	3236	619	53	412	0	0	0	0	11	68	0	198	0	0	0	0	0	0	41	7	66	0	225	0	0	68	46	260	6	219	590	0	0	225	0	0	0	10	0	3	63	22	0	0	0	622	0	0	0	1315	4	6	0	0	0	28	0	101	124	0	0	0	0	0	5	100	0	888	25	0	0	0	0	348	0	0	0	3	131	10	0	0	0	13	0	3	0	0	0	0	0	0	21	0	0	0	0	0	0	41	0	0	0	0	34	0	38	0	0	0	7	3	13	418	51	1610	0	0	52787	277
3086	0	12	0	0	45	0	0	0	0	0	176	0	0	0	6	0	0	0	0	4	0	11	0	0	0	0	7	0	0	0	0	10	0	0	0	0	0	0	0	0	0	5	0	73	0	0	17	0	0	0	0	0	0	0	0	0	0	0	0	10	16	0	6	23	0	0	0	270	10827	0	625	144	1490	1120	283	67	1022	276	7	0	0	15	67	0	8	0	0	0	0	26	0	57	13	364	0	6	0	0	100	0	0	42	68	231	0	0	262	0	0	0	3	0	0	0	0	0	0	0	29	0	0	16	592	0	0	0	3	0	3	0	152	50	0	0	0	4	0	4	86	0	665	118	0	0	0	0	11649	0	0	0	48	110	0	0	0	0	10	0	146	0	0	0	0	0	7	0	37	0	0	0	0	0	11	0	0	0	0	5	0	1095	0	0	0	65	0	0	129	12	2797	0	0	34338	69
3338	15	46	7	4	56	52	0	20	12	0	12	4	0	0	0	7	0	0	0	4	0	7	3	12	0	0	16	8	0	16	0	83	3	0	11	0	0	3	7	0	0	59	0	147	16	0	38	0	0	0	0	10	0	0	0	0	0	0	0	16	54	0	0	34	0	0	0	631	11786	0	54	288	3770	4030	236	760	1897	0	43	0	0	7	517	0	139	0	17	0	14	4	6	172	5	383	4	89	0	0	376	49	0	18	1023	625	0	0	273	0	0	10	14	0	0	0	7	9	0	23	81	3	8	0	3718	0	0	0	5	0	7	0	369	179	3	9	0	20	0	14	106	0	2395	22	0	0	0	0	152	13	0	0	0	256	0	0	7	0	150	0	111	0	0	0	0	0	0	0	0	0	0	0	0	0	64	4	0	3	0	177	0	66	0	0	0	41	3	0	139	23	14342	0	0	127338	50
3691	0	0	4	0	14	0	0	15	0	0	7	0	0	0	0	0	0	0	0	0	0	0	0	0	0	9	21	0	0	0	0	0	0	0	0	0	0	0	122	0	0	12	0	26	0	3	0	22	0	0	0	0	0	3	0	4	0	12	0	7	20	0	3	0	0	0	0	409	15415	0	123	167	2566	2077	287	346	2200	0	13	0	0	0	73	13	16	0	301	0	4	0	0	34	0	630	4	163	0	0	99	14	3	15	199	676	0	0	246	14	0	0	0	0	0	0	7	3	0	0	48	3	4	0	648	0	0	0	0	0	5	0	252	24	0	0	0	5	0	9	166	0	1473	10	3	0	0	0	108	0	0	0	0	141	3	0	0	0	58	0	159	0	0	3	0	0	0	0	9	0	0	0	0	0	11	3	0	0	0	0	0	59	0	3	0	22	11	0	81	98	2937	9	0	79032	52
4230	0	3	0	0	176	0	0	5	4	0	28	0	3	0	6	12	0	0	0	0	0	0	0	0	22	9	50	0	7	0	0	72	40	0	0	0	0	5	11	0	0	12	0	24	0	3	0	0	0	0	0	0	0	0	0	4	0	0	0	14	170	0	0	3	0	0	0	270	26372	0	174	572	6182	5181	481	402	2087	0	14	0	5	54	232	43	1561	0	5	0	10	0	0	153	7	942	0	230	0	29	361	34	0	12	492	664	0	0	732	0	11	0	9	0	27	44	30	0	0	0	6	4	4	0	932	9	3	0	3	0	38	0	978	186	0	0	0	27	11	62	474	0	6589	31	3	0	0	0	110	0	15	0	66	608	0	0	0	0	204	0	198	0	0	0	0	0	0	4	14	0	0	0	0	0	0	0	3	4	0	5	0	72	0	0	0	12	3	0	118	150	11329	53	0	91488	350
4527	0	0	0	16	20	0	0	0	0	0	0	0	0	0	0	5	0	0	0	0	0	0	0	0	0	0	0	0	0	0	0	89	132	0	0	0	0	0	0	0	0	0	0	0	0	0	0	0	0	0	0	0	0	0	0	0	0	0	0	0	0	0	0	16	0	0	0	95	38461	0	52	47	3055	3419	210	609	3210	0	3	0	0	127	35	419	224	0	0	5	3	0	0	35	0	230	0	25	0	0	35	16	0	4	72	271	0	0	271	0	0	64	0	0	0	0	0	0	0	17	16	0	0	0	302	0	0	0	0	0	22	0	132	4	0	5	0	103	0	15	55	0	559	25	0	0	0	0	55	0	0	0	0	62	0	0	0	0	4	0	101	0	0	0	0	0	0	0	0	0	0	0	0	0	0	0	0	0	0	4	0	114	0	0	0	10	6	0	34	0	4059	0	0	40990	77
4869	0	0	0	0	25	0	0	0	4	0	5	0	0	0	0	0	0	0	0	0	0	5	0	0	0	0	13	0	3	0	0	45	63	0	0	0	0	0	0	0	0	0	0	967	0	0	0	0	5	75	0	0	0	0	0	0	0	0	0	0	0	5	0	11	0	0	0	94	13377	0	580	152	4277	1590	240	140	363	0	9	0	0	11	63	0	78	0	3	0	3	0	7	71	5	461	0	31	0	0	43	3	0	38	226	171	0	0	349	0	0	11	0	3	0	0	25	0	0	0	23	0	0	0	343	0	0	0	0	0	65	0	31	0	0	0	0	7	0	0	9	0	1113	17	0	0	0	0	347	0	0	0	0	18483	0	5	4	0	57	0	90	0	0	0	31	0	0	0	0	0	3	0	6	0	0	0	0	0	0	0	0	17	0	0	0	12	0	0	57	44	5448	0	0	54492	102
5416	0	18	0	0	87	0	0	0	11	0	26	0	0	0	0	0	0	0	0	0	106	0	11	0	0	0	19	0	0	6	0	0	4	0	0	0	0	0	0	0	0	4	0	33	0	3	0	0	0	0	0	0	0	0	0	0	0	0	0	55	44	0	10	9	0	0	0	1413	24341	0	245	344	6726	7410	1260	1036	331	0	0	0	0	17	177	8	164	0	45	0	0	0	96	201	0	1124	0	315	0	0	428	270	0	47	325	341	0	0	739	0	6	0	10	0	0	0	216	5	0	8	24	0	0	0	1077	0	0	0	0	0	31	0	57	0	0	0	0	8	0	69	159	0	1694	33	0	0	0	96	38	0	0	0	28	296	0	0	0	0	82	0	268	0	0	0	0	0	0	0	0	0	0	0	0	5	0	0	0	0	0	0	0	7	0	0	0	23	0	0	102	44	46628	114	0	46269	649
5991	0	34	0	0	16	0	0	0	4	0	0	0	0	0	0	0	0	0	0	0	0	37	0	0	0	0	35	0	0	0	7	0	200	0	0	0	0	0	11	0	0	0	0	79	0	0	0	0	0	0	0	0	0	0	0	5	0	113	0	0	74	0	0	22	0	0	0	287	26327	0	197	0	5376	5561	509	2686	888	0	0	0	0	165	293	0	521	0	33	0	18	0	0	358	0	687	0	101	3	12	312	145	34	11	436	694	0	0	412	0	5	0	36	0	0	37	78	38	0	0	41	0	0	0	1072	38	0	0	0	0	22	0	0	49	0	0	16	0	10	109	116	0	1390	28	0	0	0	0	61	0	0	0	10	523	0	0	0	0	0	0	37	0	0	0	0	0	0	0	6	0	0	0	0	0	0	0	0	0	0	0	0	94	0	0	0	165	0	0	298	168	32541	0	0	51090	621
6453	0	10	0	0	170	0	0	0	0	0	0	0	0	0	0	0	0	0	0	0	0	0	0	0	0	0	4	0	0	0	0	0	76	0	0	0	0	0	0	0	0	0	0	115	0	0	0	0	0	21	0	0	0	0	0	0	0	0	0	0	2084	0	0	18	0	0	0	124	7391	0	129	0	3100	4386	393	11951	471	0	0	0	0	0	748	0	1279	0	56	0	45	0	0	185	0	383	51	54	0	0	117	138	0	0	134	700	0	0	610	0	0	11	5	45	0	21	482	0	0	0	57	0	0	0	1267	0	0	0	0	0	122	0	0	0	0	0	0	0	0	0	523	0	997	34	0	0	0	0	50	0	0	0	3	233	0	0	0	0	0	0	74	0	0	0	0	0	0	0	4	0	0	0	0	0	0	0	0	0	0	0	0	5	0	0	0	27	7	0	452	35	4634	0	0	42623	689
6943	0	11	0	0	5	0	0	0	0	0	0	0	0	0	0	0	0	0	0	0	0	0	0	0	0	0	13	0	0	0	0	0	9	0	0	0	3	0	0	0	0	5	0	27	0	0	0	7	0	0	0	0	0	0	7	0	0	0	0	0	44	0	0	52	0	0	0	340	1945	19	235	0	5539	2202	856	777	77	0	4	0	0	276	521	0	1075	0	0	0	18	37	0	421	0	674	0	170	0	0	116	31	0	37	1530	237	0	0	479	0	0	0	0	26	0	0	462	0	0	0	0	0	0	0	1379	0	0	0	0	0	31	0	0	0	0	0	0	14	0	36	49	0	1594	70	0	0	0	0	119	0	0	0	0	86	0	0	26	0	0	0	92	0	0	0	0	0	7	0	0	0	0	0	0	0	0	0	0	0	0	0	0	0	0	0	0	147	7	0	432	29	3453	3	0	31005	1154
7331	0	10	0	0	38	0	0	0	9	0	4	0	0	0	0	0	0	0	0	0	0	0	0	0	0	3	12	0	0	0	0	0	54	0	0	0	0	0	0	0	0	0	0	21	0	3	0	0	0	0	0	0	0	0	0	0	0	0	0	0	717	0	0	0	0	0	0	54	379	0	153	0	3598	2344	323	13398	206	0	0	0	0	47	628	0	2280	0	0	0	41	0	0	369	0	284	0	34	0	0	112	41	0	0	220	1386	0	26	682	0	0	0	27	0	0	0	185	0	0	496	410	0	0	0	790	0	0	0	0	0	31	0	0	0	0	0	0	3	12	28	0	0	535	11	0	0	0	0	0	0	0	0	0	17	0	0	0	0	0	0	46	0	0	0	0	0	0	0	0	0	0	0	0	0	0	0	0	0	0	0	0	0	0	0	0	0	0	0	499	0	20936	30	0	25122	1505
7738	0	39	0	0	26	0	0	0	0	0	0	0	0	0	0	0	0	0	0	0	0	0	0	0	0	0	23	0	0	0	0	0	0	0	0	0	0	0	0	0	0	0	0	0	0	0	0	0	0	3	0	0	0	0	7	0	0	0	0	0	2697	0	0	6	0	0	0	389	446	0	64	0	5605	5051	35	12575	103	0	8	0	0	0	1221	0	11237	0	0	0	70	0	0	313	0	983	0	0	0	0	20	0	0	0	116	1485	0	0	2452	0	0	0	0	0	0	0	301	0	0	0	0	0	0	0	331	0	0	0	0	0	18	0	0	43	0	0	0	35	89	550	15	0	46	77	0	0	0	0	18	0	0	0	15	16	0	0	0	0	0	0	0	0	0	0	0	0	0	0	14	0	0	0	0	0	0	0	0	0	0	0	0	0	0	0	0	0	0	0	0	0	7300	63	0	32649	1949
8213	0	0	0	0	7	0	0	22	11	0	0	6	0	0	0	0	0	0	0	0	0	0	0	0	0	21	23	0	0	0	0	0	0	0	0	0	0	0	0	0	0	5	0	66	0	0	0	0	7	0	0	0	0	0	0	0	0	0	0	0	51	0	0	12	0	0	0	278	3305	0	91	0	3	1185	0	1468	44	0	5	0	0	61	1955	0	76804	0	0	0	44	0	0	160	0	242	0	8	0	0	64	63	0	149	310	458	0	4	129	0	0	0	4	4	0	0	69	0	0	0	70	0	0	0	2562	0	0	0	0	0	6	0	0	40	0	0	0	0	8	45	16	0	0	13	0	0	0	0	71	0	0	0	0	180	0	0	0	0	0	0	7	0	0	0	0	0	0	0	0	0	0	0	0	0	0	0	0	0	0	0	0	55	0	0	0	0	3	0	0	0	13124	0	0	21979	868
8747	0	0	0	0	0	0	0	0	0	0	0	0	0	0	84	0	0	0	0	0	0	0	0	0	0	0	0	0	0	0	0	0	0	0	0	0	0	0	0	0	0	0	0	27	0	0	0	0	0	0	0	0	0	0	0	0	0	0	0	0	2268	0	0	23	0	0	0	457	114	0	196	0	953	667	0	17983	0	105	0	0	0	1383	2944	0	0	0	0	0	34	0	0	4	0	0	0	0	0	0	0	0	0	0	234	298	0	0	4	0	0	0	0	0	0	27	642	0	0	0	0	0	0	0	48	0	0	0	0	0	0	0	0	0	0	0	0	0	0	0	0	0	0	101	0	0	0	0	489	0	0	0	0	464	0	0	0	0	0	0	0	0	0	0	0	0	0	0	0	0	0	0	0	0	0	0	0	0	0	0	0	74	0	0	0	0	0	0	0	553	1676	0	128	7877	335
9164	0	0	0	0	40	0	0	0	0	0	0	0	0	0	0	0	0	0	0	0	0	0	0	0	0	9	0	0	0	0	0	0	0	0	0	0	0	0	0	0	0	0	0	62	0	0	0	0	0	0	0	0	0	0	0	0	0	0	0	0	1669	0	0	0	0	0	0	20	113	0	37	0	0	2678	0	3054	0	0	0	0	0	0	4264	0	0	0	33	0	54	0	0	189	0	796	0	0	0	0	303	73	0	0	158	79	0	0	380	0	0	0	0	0	0	0	84	0	0	0	17	0	0	0	500	0	0	0	0	0	90	174	0	0	0	0	0	14	8	143	0	0	0	32	0	0	0	0	0	0	0	0	0	0	0	0	0	0	0	0	0	0	0	0	0	0	0	0	0	0	0	0	0	0	0	0	0	0	0	0	0	0	0	0	0	0	5	0	0	0	76553	38	0	3806	1170
9368	0	0	0	0	12	0	0	0	0	0	0	0	0	0	0	0	0	0	0	0	0	0	0	0	0	0	0	0	0	0	0	0	0	0	0	0	0	0	0	0	0	0	0	53880	0	15	0	0	0	18	0	0	0	0	0	0	0	0	0	0	21741	0	0	0	0	0	0	80	81	0	0	0	0	667	0	3225	0	0	0	0	0	0	14185	0	0	0	0	0	37	0	0	481	0	0	0	0	0	0	0	11	0	0	287	46	0	0	500	0	0	0	0	0	0	0	37	0	0	0	0	0	0	0	233	0	0	0	0	0	27	0	0	0	0	0	0	0	0	0	0	0	0	0	0	0	0	0	0	0	0	0	0	0	0	0	0	0	0	0	0	0	0	0	0	0	0	0	0	0	0	0	0	0	0	0	0	0	0	0	0	6	0	0	0	0	0	0	0	0	840	0	0	7390	1047
9522	0	0	0	0	922	0	0	0	66	0	61	0	0	0	0	0	0	0	0	0	0	0	0	0	0	0	0	0	0	0	0	0	0	0	0	0	0	0	0	0	0	0	0	0	0	0	0	0	0	0	0	0	0	0	0	0	0	0	0	0	47086	0	0	92	0	0	0	297	483	0	0	0	0	5267	0	12796	0	0	1782	0	0	103	27093	0	0	0	0	0	249	0	0	0	0	1180	0	0	0	0	0	363	0	0	0	907	0	0	0	0	0	0	0	0	0	0	0	0	0	0	0	0	0	0	0	0	0	0	0	0	220	0	0	0	0	0	0	477	0	0	0	0	0	236	0	0	0	0	12	0	0	0	0	0	0	0	0	0	0	0	0	0	0	0	0	0	0	0	0	0	0	0	0	0	0	0	0	0	0	0	0	0	0	0	0	193	0	0	0	0	340	0	0	15331	0
9663	0	0	0	0	0	0	0	0	10	0	0	0	0	0	0	0	0	0	0	0	0	0	0	0	0	0	0	0	0	0	0	23	0	0	0	0	0	0	0	0	0	0	0	0	0	0	0	0	0	0	0	0	0	0	0	0	0	0	0	0	1780	0	0	24	0	0	0	499	1043	0	0	0	0	0	0	95	0	0	64	0	0	184	5274	0	0	0	0	0	33	0	0	0	0	1134	0	0	0	0	57	65	0	55	0	484	0	0	153	0	0	0	0	0	0	0	0	0	0	0	0	0	0	0	224	0	0	0	0	0	0	10	0	0	0	0	0	0	0	0	0	0	0	0	0	0	0	0	8	0	0	0	0	0	0	0	0	0	0	0	0	0	0	0	0	0	0	0	0	0	0	0	0	0	0	0	0	0	0	0	0	0	0	0	0	0	0	0	0	0	583	0	0	21430	0
9811	0	0	0	0	338	0	0	0	0	0	0	0	0	0	0	0	0	0	0	0	0	0	0	0	0	0	359	0	0	0	0	30	0	0	0	0	0	0	0	0	0	35	0	665	0	0	0	0	0	0	0	0	0	0	0	25	0	0	0	0	791	0	0	0	0	0	0	1342	1940	0	0	0	0	0	0	0	0	0	24	366	0	0	3294	0	0	0	0	0	0	0	0	0	0	940	0	0	0	0	0	0	0	0	1810	1790	0	0	0	0	0	0	0	0	0	0	0	0	0	0	0	0	0	0	1804	0	0	0	0	0	21	0	0	0	0	0	0	0	0	0	0	0	0	0	0	0	0	0	0	0	0	0	0	0	0	0	0	0	0	0	0	0	0	0	0	0	0	0	39	0	0	0	0	0	0	0	0	0	0	0	0	0	0	0	0	20	0	128	0	0	0	0	0	113139	0
10078	0	0	0	0	0	0	0	0	0	0	0	8	0	0	0	0	0	0	0	0	0	0	0	0	0	0	1095	0	0	0	0	0	0	0	0	0	0	0	0	0	14	0	0	177	0	0	0	0	0	0	0	0	0	0	0	19	0	0	0	0	0	0	0	0	0	0	0	90	528	0	0	0	0	0	0	0	0	0	0	29183	4391	3681	1171	0	0	0	0	0	513	524	0	0	0	430	0	0	0	0	0	0	0	0	186	3097	0	0	0	0	0	0	0	0	0	0	0	0	0	0	0	0	0	0	3441	0	0	0	0	0	0	0	0	0	0	0	0	0	0	0	0	0	0	218	0	3	0	0	222	0	0	0	0	0	0	0	0	0	0	0	0	0	0	0	0	0	0	0	0	0	0	0	0	0	0	0	0	0	0	0	0	0	0	0	0	157	0	80	0	0	0	0	0	113357	0
10203	0	0	0	0	149	0	0	136	47	0	0	0	0	0	0	0	0	0	0	0	0	0	0	0	0	0	4664	0	0	0	0	0	0	0	0	0	0	0	0	0	0	13	0	0	0	0	0	0	0	0	0	0	5	0	0	0	0	0	0	0	0	0	0	0	0	0	0	0	0	0	0	0	0	0	0	0	0	0	0	110	3784	0	0	0	0	0	0	0	0	6413	0	0	0	0	0	0	0	0	0	0	0	0	179	1199	0	0	0	0	0	0	0	0	0	0	0	0	0	0	0	0	0	0	2244	0	0	0	0	0	0	0	0	0	0	0	0	0	0	0	0	0	0	0	0	58	0	0	0	0	0	0	0	0	0	0	0	0	0	0	0	0	0	0	0	0	0	0	0	0	0	0	0	0	0	0	0	0	0	0	0	0	0	0	0	0	0	0	0	0	0	0	0	50525	0
10453	0	0	0	0	0	0	0	0	0	0	0	0	0	0	0	0	0	0	0	0	0	0	0	0	0	0	122	0	0	0	0	0	0	0	0	0	0	0	0	0	0	0	0	0	0	0	0	0	0	0	0	0	0	0	0	0	0	0	0	0	0	0	0	0	0	0	0	696	0	0	0	0	233	0	0	0	0	0	0	24573	44251	0	0	0	0	0	0	0	0	0	0	0	0	0	0	0	0	0	0	0	0	0	0	2044	0	0	0	0	0	0	0	0	0	0	0	0	0	0	0	0	0	0	11135	0	0	0	0	0	0	0	0	0	0	0	0	0	0	0	0	0	0	0	0	0	155	0	1499	0	0	0	0	0	0	0	0	0	0	0	0	0	0	0	0	0	0	0	0	0	0	0	0	0	0	0	0	0	0	0	0	0	0	0	0	0	0	0	0	0	0	0	0	56669	0
